{
    "sdid": "4df71156db8646a29ae5681b4ee8469f",
    "deviceToken": "",
    "data": {
        "stepCount": 0,
        "heartRate": 0,
        "description": "",
        "state": 0,
        "activity": 0
    },
    "config": {
        "stepCount": {
            "min": 0,
            "max": 10000,
            "type": "Integer",
            "function": "random"
        },
        "heartRate": {
            "min": 0,
            "max": 200,
            "type": "Integer",
            "function": "random"
        },
        "description": {
            "type": "String",
            "function": "random"
        },
        "state": {
            "min": 0,
            "max": 2,
            "type": "Integer",
            "function": "random"
        },
        "activity": {
            "min": 0,
            "max": 3,
            "type": "Integer",
            "function": "random"
        }
    },
    "period": 1000
}