{"sdid":"89ac176847934e4384730d903ba28f2f","config":{
	"origin":{"type":"String", "function":"constant", "value":"simulated.nl.imec-nl/Accelerometer"},
    "contentType":{"type":"String","function":"constant", "value":"application/x-signal-raw-32f+Accelerometer;channels=3;rate=128"},
    "content":{"type":"String", "function":"constant", "value":"td91QUfTr0LNtpVCb12IQdvlYcFhccHC5KiIws/nOULVuvXB1+JCQiJru8JDIDNC0vSkQgoECMLh\r\nbl3Bkl6zwUl8KUJr6ljC8CCHwo8ywkIVZixCobAUQtY5WcJGJZrC0bOAQh0IJMKEe4nCgN+3Qo/H\r\nisKGGIJCtODmQUXMtELF+cNBlNQAwhQnokGnLffBevx/wTL6wUKAyUdCcBSJwmRCzUFNzjpBgf2H\r\nQut1mcF6Z7hCpWX/wfnIfMJngnNCdKRfQoVSd8K3Ly7CswvKQU+H7kFChqDCCdNZQW2rHEAmMJBB\r\nY+QFQu0WVMIgNOjBL5bswehlp0J6KhXCjT8YQDjUEMFqT6VCtF3ZQQCwrcJYaS/CVdneQZtRvUJf\r\nrazCEXwewbgmkcKmZinC/3JlwrVQvEIdiJVCOnhFwX3x8UEbW6fCwyJbQk3bTcJKT2bCjdABQIhq\r\nW8Hm+JNCarBXQv1rvUJ2uqVC5R+7PxIPtsLLYAbAyFINwY4IkL/e9o7C"}
},"data":{
    "origin":"",
    "contentType":"",
    "content":""
},"period":1000}