{
    "sdid": "vitalconnect_module_ariel",
    "data": {
        "st": 0,
        "hr": 0,
        "ecg": 0,
        "sl": 0,
        "ee": 0,
        "ts": 0,
        "cb": 0,
        "dateMicro": 0,
        "rr": 0,
        "bpm": 0,
        "po": 0
    },
    "config": {
        "st": {
            "min": 0,
            "max": 10000,
            "function": "random"
        },
        "hr": {
            "min": 0,
            "max": 10000,
            "function": "random"
        },
        "ecg": {
            "min": 0,
            "max": 10000,
            "function": "random"
        },
        "sl": {
            "min": 0,
            "max": 10000,
            "function": "random"
        },
        "ee": {
            "min": 0,
            "max": 10000,
            "function": "random"
        },
        "ts": {
            "min": 0,
            "max": 10000,
            "function": "random"
        },
        "cb": {
            "min": 0,
            "max": 10000,
            "function": "random"
        },
        "dateMicro": {
            "min": 0,
            "max": 10000,
            "function": "random"
        },
        "rr": {
            "min": 0,
            "max": 10000,
            "function": "random"
        },
        "bpm": {
            "min": 0,
            "max": 10000,
            "function": "random"
        },
        "po": {
            "min": 0,
            "max": 10000,
            "function": "random"
        }
    },
    "type": "dynamic",
    "period": 50
}